﻿<?xml version="1.0" encoding="utf-8" ?>
<configuration>
  <add key="0x401" value="重要遥测"/>
  <add key="0x402" value="计算机"/>
  <add key="0x403" value="软件"/>
  <add key="0x404" value="GNC"/>
  <add key="0x405" value="热控"/>
  <add key="0x406" value="IMU_A"/>
  <add key="0x407" value="IMU_B"/>
  <add key="0x408" value="测控"/>
  <add key="0x409" value="数传"/>
  <add key="0x40a" value="载荷3S"/>
  <add key="0x40b" value="搭载1"/>
  <add key="0x40c" value="搭载2"/>
  <add key="0x40d" value="GNSS"/>
  <add key="0x40e" value="OBC_B"/>
  <add key="0x501" value="系统延时遥测"/>
  <add key="0x502" value="GNC延时遥测"/>
  <add key="0x601" value="错误日志"/>
  <add key="0x7ff" value="填充帧"/>
</configuration>


